file_name	mention_text	candidate_entity_iri	candidate_entity_label	candidate_entity_aliases	confidence
PMC6800437	age	FBbt:00003985	adult medial antennal lobe tract	adult medial antennal lobe tract,AGT,FBbt:00003985,antenno-glomerular tract,antenno glomerular tract,iACT,inner antenno-cerebral tract,inner antenno cerebral tract,inner antennocerebral tract,inner antennocommissural tract,inner antennoglomerular tract,mALT,tractus olfactorio-globularis,tractus olfactorio globularis	0.856829106807708740234375
PMC6800437	auditory	FBbt:00007684	auditory sensory neuron	auditory sensory,auditory sensory neuron,FBbt:00007684	0.87579739093780517578125
PMC6800437	B_DSK	FBbt:00048998	Drosulfakinin neuron	Drosulfakinin,Drosulfakinin neuron,DPC,FBbt:00048998,DSK,DSK-producing cell,DSK producing cell,Dsk-producing neuron,Dsk producing neuron,Dsk producing,Dsk-producing,dsk neuron,dsk	0.8908214569091796875
PMC6800437	brain	FBbt:00005095	brain	brain,FBbt:00005095	1
PMC6800437	brain	FBbt:00110636	adult cerebral ganglion	adult cerebral ganglion,CRG,FBbt:00110636,SPG,adult supraesophageal ganglion,brain,cerebrum	1
PMC6800437	brain	FBbt:00003624	adult brain	adult brain,FBbt:00003624	0.9264659881591796875
PMC6800437	ca	FBbt:00003685	mushroom body calyx	mushroom body calyx,CA,FBbt:00003685,calyx,calyx of corpora pedunculata,calyx of mushroom body,main calyx	1
PMC6800437	ca	FBbt:00005800	corpus allatum	corpus allatum,CA,FBbt:00005800	1
PMC6800437	ca	FBbt:00006020	lch5 cap attachment cell	lch5 cap attachment cell,CA,FBbt:00006020	1
PMC6800437	ca	FBbt:00007118	embryonic/larval crepine	embryonic/larval crepine,CA,FBbt:00007118,centro-anterior synaptic neuropil domain,centro anterior synaptic neuropil domain,centroanterior compartment,larval anterior inferior protocerebrum,larval crepine	1
PMC6800437	CA	FBbt:00003685	mushroom body calyx	mushroom body calyx,CA,FBbt:00003685,calyx,calyx of corpora pedunculata,calyx of mushroom body,main calyx	1
PMC6800437	CA	FBbt:00005800	corpus allatum	corpus allatum,CA,FBbt:00005800	1
PMC6800437	CA	FBbt:00006020	lch5 cap attachment cell	lch5 cap attachment cell,CA,FBbt:00006020	1
PMC6800437	CA	FBbt:00007118	embryonic/larval crepine	embryonic/larval crepine,CA,FBbt:00007118,centro-anterior synaptic neuropil domain,centro anterior synaptic neuropil domain,centroanterior compartment,larval anterior inferior protocerebrum,larval crepine	1
PMC6800437	CCKLR	FBbt:00049279	adult midgut region R3ab	adult midgut region R3ab,CCR,FBbt:00049279,adult midgut Cu region,adult midgut copper cells region,copper cell region of the adult midgut	1
PMC6800437	CCKLR-17D3.	FBbt:00049279	adult midgut region R3ab	adult midgut region R3ab,CCR,FBbt:00049279,adult midgut Cu region,adult midgut copper cells region,copper cell region of the adult midgut	1
PMC6800437	cDNA	FBbt:00047512	descending neuron of the anterior dorsal brain	descending of the anterior dorsal brain,descending neuron of the anterior dorsal brain,DNa,FBbt:00047512	0.878640472888946533203125
PMC6800437	central nervous system	FBbt:00005094	central nervous system	central nervous system,CNS,FBbt:00005094	0.999999940395355224609375
PMC6800437	central nervous system	FBbt:00003623	adult central nervous system	adult central nervous system,adult CNS,FBbt:00003623	0.97959101200103759765625
PMC6800437	central nervous system	FBbt:00001919	embryonic/larval central nervous system	embryonic/larval central nervous system,embryonic/larval CNS,FBbt:00001919,larval central nervous system	0.950605452060699462890625
PMC6800437	central nervous system	FBbt:00005097	ventral nerve cord	ventral nerve cord,ventral nervous system,FBbt:00005097	0.9339487552642822265625
PMC6800437	central nervous system	FBbt:00004052	adult ventral nerve cord	adult ventral nerve cord,TAC,FBbt:00004052,TAG,adult ThGng,adult VNC,adult VNS,adult ventral nervous system,thoracico-abdominal center,thoracico abdominal center,thoracico-abdominal ganglia,thoracico abdominal ganglia,thoracico-abdominal ganglion,thoracico abdominal ganglion,thoracico-abdominal nervous system,thoracico abdominal nervous system,thoracicoabdominal ganglion	0.91435492038726806640625
PMC6800437	chemosensory	FBbt:00005922	chemosensory neuron	chemosensory neuron,chemosensory,FBbt:00005922	1
PMC6800437	CNS	FBbt:00005094	central nervous system	central nervous system,CNS,FBbt:00005094	1
PMC6800437	CNS	FBbt:00003623	adult central nervous system	adult central nervous system,adult CNS,FBbt:00003623	0.944324433803558349609375
PMC6800437	complex	FBbt:00040001	lateral complex	lateral complex,LX,FBbt:00040001	0.900124371051788330078125
PMC6800437	complex	FBbt:00040071	ventral complex	ventral complex,PAN,FBbt:00040071,VMP,VX,vmpr	0.8782131671905517578125
PMC6800437	DN1	FBbt:00003629	DN1 neuron	DN1 neuron,DN1,adult dorsal neuron 1,adult dorsal 1,FBbt:00003629,adult dorsal neuron-1,adult dorsal -1	1
PMC6800437	DN1	FBbt:00047932	antennal lobe descending neuron 1	antennal lobe descending 1,antennal lobe descending neuron 1,AL-DN1,AL DN1,FBbt:00047932	0.909386813640594482421875
PMC6800437	dopaminergic	FBbt:00005131	dopaminergic neuron	dopaminergic neuron,dopaminergic,DA neuron,DA,FBbt:00005131,dopamine neuron,dopamine	1
PMC6800437	dopaminergic	FBbt:00058206	adult dopaminergic neuron	adult dopaminergic neuron,adult dopaminergic,FBbt:00058206	0.961050212383270263671875
PMC6800437	dopaminergic	FBbt:00058216	larval dopaminergic neuron	larval dopaminergic neuron,larval dopaminergic,FBbt:00058216	0.907992780208587646484375
PMC6800437	doublesex	FBbt:00047347	adult doublesex neuron	adult doublesex neuron,adult doublesex,FBbt:00047347	0.96570122241973876953125
PMC6800437	doublesex	FBbt:00047370	adult doublesex pLN (male) neuron	adult doublesex pLN,adult doublesex pLN (male) neuron,adult doublesex pLN (male),adult doublesex pLN neuron,doublesex-expressing posterior Lateral Neuron,doublesex expressing posterior Lateral Neuron,FBbt:00047370,dsx-expressing posterior Lateral Neuron,dsx expressing posterior Lateral Neuron,expressing posterior Lateral Neuron,dsx-pLN,dsx pLN,pLN	0.871597111225128173828125
PMC6800437	Dr.	FBbt:00004329	dorsal row of wing sensilla	dorsal row of wing sensilla,DR,FBbt:00004329	1
PMC6800437	Drosophila	FBbt:00000001	organism	organism,Drosophila,FBbt:00000001,whole organism	1
PMC6800437	Drosophila	FBbt:10000000	anatomical entity	anatomical entity,Drosophila,FBbt:10000000	1
PMC6800437	Drosulfakinin	FBbt:00048998	Drosulfakinin neuron	Drosulfakinin,Drosulfakinin neuron,DPC,FBbt:00048998,DSK,DSK-producing cell,DSK producing cell,Dsk-producing neuron,Dsk producing neuron,Dsk producing,Dsk-producing,dsk neuron,dsk	1
PMC6800437	Drosulfakinin	FBbt:00048999	adult Drosulfakinin neuron	adult Drosulfakinin neuron,adult Drosulfakinin,adult DPC,FBbt:00048999,adult DSK-producing cell,adult DSK producing cell,adult Dsk-producing neuron,adult Dsk-producing,adult Dsk producing,adult Dsk producing neuron,adult dsk neuron,adult dsk	0.985667407512664794921875
PMC6800437	Drosulfakinin	FBbt:00049000	larval Drosulfakinin neuron	larval Drosulfakinin neuron,larval Drosulfakinin,larval DPC,FBbt:00049000,larval DSK-producing cell,larval DSK producing cell,larval Dsk-producing neuron,larval Dsk producing,larval Dsk producing neuron,larval Dsk-producing,larval dsk neuron,larval dsk	0.964288055896759033203125
PMC6800437	Drosulfakinin	FBbt:00051431	adult Drosulfakinin MP1 neuron	adult Drosulfakinin MP1,adult Drosulfakinin MP1 neuron,FBbt:00051431	0.90914630889892578125
PMC6800437	Drosulfakinin	FBbt:00051432	adult Drosulfakinin MP3 neuron	adult Drosulfakinin MP3 neuron,adult Drosulfakinin MP3,FBbt:00051432	0.905493557453155517578125
PMC6800437	Drosulfakinin signaling	FBbt:00048998	Drosulfakinin neuron	Drosulfakinin,Drosulfakinin neuron,DPC,FBbt:00048998,DSK,DSK-producing cell,DSK producing cell,Dsk-producing neuron,Dsk producing neuron,Dsk producing,Dsk-producing,dsk neuron,dsk	0.884610235691070556640625
PMC6800437	Drosulfakinin signaling	FBbt:00048999	adult Drosulfakinin neuron	adult Drosulfakinin neuron,adult Drosulfakinin,adult DPC,FBbt:00048999,adult DSK-producing cell,adult DSK producing cell,adult Dsk-producing neuron,adult Dsk-producing,adult Dsk producing,adult Dsk producing neuron,adult dsk neuron,adult dsk	0.871931493282318115234375
PMC6800437	Drosulfakinin signaling	FBbt:00049000	larval Drosulfakinin neuron	larval Drosulfakinin neuron,larval Drosulfakinin,larval DPC,FBbt:00049000,larval DSK-producing cell,larval DSK producing cell,larval Dsk-producing neuron,larval Dsk producing,larval Dsk producing neuron,larval Dsk-producing,larval dsk neuron,larval dsk	0.85301911830902099609375
PMC6800437	Dsk	FBbt:00048998	Drosulfakinin neuron	Drosulfakinin,Drosulfakinin neuron,DPC,FBbt:00048998,DSK,DSK-producing cell,DSK producing cell,Dsk-producing neuron,Dsk producing neuron,Dsk producing,Dsk-producing,dsk neuron,dsk	1
PMC6800437	Dsk	FBbt:00048999	adult Drosulfakinin neuron	adult Drosulfakinin neuron,adult Drosulfakinin,adult DPC,FBbt:00048999,adult DSK-producing cell,adult DSK producing cell,adult Dsk-producing neuron,adult Dsk-producing,adult Dsk producing,adult Dsk producing neuron,adult dsk neuron,adult dsk	0.946181237697601318359375
PMC6800437	DSK	FBbt:00048998	Drosulfakinin neuron	Drosulfakinin,Drosulfakinin neuron,DPC,FBbt:00048998,DSK,DSK-producing cell,DSK producing cell,Dsk-producing neuron,Dsk producing neuron,Dsk producing,Dsk-producing,dsk neuron,dsk	1
PMC6800437	DSK	FBbt:00048999	adult Drosulfakinin neuron	adult Drosulfakinin neuron,adult Drosulfakinin,adult DPC,FBbt:00048999,adult DSK-producing cell,adult DSK producing cell,adult Dsk-producing neuron,adult Dsk-producing,adult Dsk producing,adult Dsk producing neuron,adult dsk neuron,adult dsk	0.946181237697601318359375
PMC6800437	dsx	FBbt:00047375	adult doublesex prC TN2 (male) neuron	adult doublesex prC TN2 (male),adult doublesex prC TN2 neuron,adult doublesex prC TN2,adult doublesex prC TN2 (male) neuron,doublesex-expressing prothoracic TN2 neuron C,doublesex-expressing prothoracic TN2 C,doublesex expressing prothoracic TN2 neuron C,doublesex expressing prothoracic TN2 C,FBbt:00047375,dsx-prC,prC,dsx prC	0.96859514713287353515625
PMC6800437	dsx-expressing	FBbt:00047365	adult doublesex AbN (male) neuron	adult doublesex AbN (male) neuron,adult doublesex AbN neuron,adult doublesex AbN,adult doublesex AbN (male),doublesex-expressing Abdominal Neuron (male),doublesex expressing Abdominal Neuron (male),doublesex-expressing Abdominal Neuron,doublesex expressing Abdominal Neuron,FBbt:00047365,dsx-AbN (male),dsx AbN,AbN (male),dsx AbN (male),dsx-AbN,AbN,dsx-Abg (male),dsx-Abg,Abg (male),dsx Abg (male),Abg,dsx Abg,dsx-expressing Abdominal Neuron (male),dsx expressing Abdominal Neuron (male),expressing Abdominal Neuron,dsx expressing Abdominal Neuron,expressing Abdominal Neuron (male),dsx-expressing Abdominal Neuron	0.89331912994384765625
PMC6800437	dsx-expressing	FBbt:00047366	adult doublesex AbN (female) neuron	adult doublesex AbN (female),adult doublesex AbN neuron,adult doublesex AbN,adult doublesex AbN (female) neuron,doublesex-expressing Abdominal Neuron (female),doublesex expressing Abdominal Neuron,doublesex expressing Abdominal Neuron (female),doublesex-expressing Abdominal Neuron,FBbt:00047366,dsx-AbN (female),dsx-AbN,dsx AbN,AbN (female),AbN,dsx AbN (female),dsx-Abg (female),dsx-Abg,Abg (female),dsx Abg (female),Abg,dsx Abg,dsx-expressing Abdominal Neuron (female),expressing Abdominal Neuron (female),expressing Abdominal Neuron,dsx expressing Abdominal Neuron,dsx expressing Abdominal Neuron (female),dsx-expressing Abdominal Neuron	0.89331912994384765625
PMC6800437	embryo	FBbt:00000052	embryo	embryo,FBbt:00000052	1
PMC6800437	expressing	FBbt:00001579	EG neuron	EG neuron,EG,eg-expressing neuron,eg expressing,eg expressing neuron,eg-expressing,FBbt:00001579	0.866330087184906005859375
PMC6800437	external	FBbt:00005396	adult integumentary system	adult integumentary system,adult external,FBbt:00005396,adult integument	0.95450699329376220703125
PMC6800437	F_DSK	FBbt:00048998	Drosulfakinin neuron	Drosulfakinin,Drosulfakinin neuron,DPC,FBbt:00048998,DSK,DSK-producing cell,DSK producing cell,Dsk-producing neuron,Dsk producing neuron,Dsk producing,Dsk-producing,dsk neuron,dsk	0.8908214569091796875
PMC6800437	female	FBbt:00110417	adult fruitless aDT-b (female) neuron	adult fruitless aDT-b (female) neuron,adult fruitless aDT b (female),adult fruitless aDT-b (female),adult fruitless aDT b (female) neuron,adult fruitless aDT-b neuron,adult fruitless aDT b,adult fruitless aDT-b,adult fruitless aDT b neuron,female aDT-b neuron,female aDT-b,female aDT b neuron,female aDT b,FBbt:00110417,female aDT2 neuron,female aDT2,female fru-mAL neuron,female fru-mAL,female fru mAL,female fru mAL neuron,female mAL neuron,female mAL	0.888061225414276123046875
PMC6800437	fly’s	FBbt:00003659	adult lateral fan-shaped body tangential neuron	adult lateral fan shaped body tangential,adult lateral fan-shaped body tangential neuron,adult lateral fan-shaped body tangential,adult lateral fan shaped body tangential neuron,Fl-neuron,Fl neuron,Fl-,Fl,FBbt:00003659,lateral fan-shaped neuron Fl,lateral fan-shaped Fl,lateral fan shaped Fl,lateral fan shaped neuron Fl	1
PMC6800437	fruitless	FBbt:00110575	adult fruitless Mb neuron	adult fruitless Mb neuron,adult fruitless Mb,MB fruitless neuron,MB fruitless,FBbt:00110575	0.8608958721160888671875
PMC6800437	fruitless	FBbt:00110477	adult fruitless M neuron	adult fruitless M,adult fruitless M neuron,M neuron,M,FBbt:00110477,M1 neuron,M1,fru-M neuron,fru M,fru M neuron,fru-M	0.856889188289642333984375
PMC6800437	GFP	FBbt:00001788	female genital primordium (male)	female genital primordium,female genital primordium (male),RFP,FBbt:00001788,male repressed primordium,repressed female genital primordium,rfp	1
PMC6800437	GFP	FBbt:00048547	larval posterior terminal filament cell	larval posterior terminal filament cell,TFp,FBbt:00048547	1
PMC6800437	gustatory	FBbt:00047946	gustatory projection neuron	gustatory projection,gustatory projection neuron,TPN,FBbt:00047946,gustatory PN,gustatory second-order neuron,gustatory second order,gustatory second-order,gustatory second order neuron,taste projection neuron,taste projection	0.889870822429656982421875
PMC6800437	gustatory	FBbt:00047948	adult gustatory projection neuron	adult gustatory projection,adult gustatory projection neuron,adult TPN,FBbt:00047948,adult gustatory PN,adult taste projection neuron,adult taste projection	0.862030088901519775390625
PMC6800437	gustatory	FBbt:00005927	gustatory receptor neuron	gustatory receptor neuron,gustatory receptor,GRN,FBbt:00005927,GSN,gustatory sensory neuron,gustatory sensory	0.852816164493560791015625
PMC6800437	IgG	FBbt:00052032	gnathal ganglion neuron	gnathal ganglion neuron,gnathal ganglion,GG neuron,GG,FBbt:00052032,SEG neuron,SEG,SOG neuron,SOG,subesophageal ganglion neuron,subesophageal ganglion	1
PMC6800437	imaging	FBbt:00001834	imaginal ring	imaginal ring,FBbt:00001834	0.871826231479644775390625
PMC6800437	intermediate	FBbt:00048291	intermediate larval optic neuropil	intermediate larval optic neuropil,LONi,FBbt:00048291,intermediate LON	0.918742358684539794921875
PMC6800437	intestine	FBbt:00003143	adult hindgut	adult hindgut,adult intestine,FBbt:00003143	0.964188635349273681640625
PMC6800437	intestine	FBbt:00007035	adult anterior hindgut	adult anterior hindgut,adult ileum,FBbt:00007035,adult large intestine,anterior adult hindgut,anterior intestine	0.889497458934783935546875
PMC6800437	k	FBbt:00002696	knob sensillum of distal group	knob sensillum of distal group,K,FBbt:00002696	1
PMC6800437	k	FBbt:00002728	prothoracic basiconical sensillum dbd	prothoracic basiconical sensillum dbd,dk,FBbt:00002728,k,sh B	1
PMC6800437	lateral horn (LH)	FBbt:00007053	adult lateral horn	adult lateral horn,LH,FBbt:00007053,lateral protocerebrum	0.931764125823974609375
PMC6800437	lateral horn (LH)	FBbt:00048293	adult lateral horn neuron	adult lateral horn,adult lateral horn neuron,LHN,FBbt:00048293	0.931764125823974609375
PMC6800437	lateral horn (LH)	FBbt:00051206	larval lateral horn neuron	larval lateral horn,larval lateral horn neuron,embryonic/larval lateral horn neuron,embryonic/larval lateral horn,FBbt:00051206,larval LH neuron,larval LH,larval LHN	0.868133008480072021484375
PMC6800437	left	FBbt:00051239	left asymmetrical body	left asymmetrical body,AB(L),AB,FBbt:00051239,left AB	0.90426290035247802734375
PMC6800437	Male	FBbt:00110579	adult fruitless aDT-b (male) neuron	adult fruitless aDT b (male),adult fruitless aDT-b neuron,adult fruitless aDT b,adult fruitless aDT b (male) neuron,adult fruitless aDT-b (male),adult fruitless aDT-b,adult fruitless aDT b neuron,adult fruitless aDT-b (male) neuron,male aDT-b neuron,male aDT-b,male aDT b,male aDT b neuron,FBbt:00110579,male aDT2 neuron,male aDT2,male fru-mAL neuron,male fru-mAL,male fru mAL neuron,male fru mAL,male mAL neuron,male mAL	0.94522964954376220703125
PMC6800437	male	FBbt:00110579	adult fruitless aDT-b (male) neuron	adult fruitless aDT b (male),adult fruitless aDT-b neuron,adult fruitless aDT b,adult fruitless aDT b (male) neuron,adult fruitless aDT-b (male),adult fruitless aDT-b,adult fruitless aDT b neuron,adult fruitless aDT-b (male) neuron,male aDT-b neuron,male aDT-b,male aDT b,male aDT b neuron,FBbt:00110579,male aDT2 neuron,male aDT2,male fru-mAL neuron,male fru-mAL,male fru mAL neuron,male fru mAL,male mAL neuron,male mAL	0.94522964954376220703125
PMC6800437	male-specific	FBbt:00048239	male-specific neuron	male-specific neuron,male specific neuron,male-specific,male specific,FBbt:00048239	1
PMC6800437	male-specific	FBbt:00048240	female-specific neuron	female specific neuron,female-specific,female specific,female-specific neuron,FBbt:00048240	0.90153539180755615234375
PMC6800437	male-specific P1	FBbt:00048239	male-specific neuron	male-specific neuron,male specific neuron,male-specific,male specific,FBbt:00048239	0.925282776355743408203125
PMC6800437	male’s	FBbt:00110579	adult fruitless aDT-b (male) neuron	adult fruitless aDT b (male),adult fruitless aDT-b neuron,adult fruitless aDT b,adult fruitless aDT b (male) neuron,adult fruitless aDT-b (male),adult fruitless aDT-b,adult fruitless aDT b neuron,adult fruitless aDT-b (male) neuron,male aDT-b neuron,male aDT-b,male aDT b,male aDT b neuron,FBbt:00110579,male aDT2 neuron,male aDT2,male fru-mAL neuron,male fru-mAL,male fru mAL neuron,male fru mAL,male mAL neuron,male mAL	0.92591989040374755859375
PMC6800437	Mip	FBbt:00047486	myoinhibitory peptide neuron	myoinhibitory peptide neuron,myoinhibitory peptide,Mip neuron,Mip,FBbt:00047486,Myoinhibiting peptide precursor neuron,Myoinhibiting peptide precursor	0.999999940395355224609375
PMC6800437	Mip	FBbt:00047527	adult myoinhibitory peptide neuron	adult myoinhibitory peptide,adult myoinhibitory peptide neuron,adult Mip neuron,adult Mip,FBbt:00047527,adult Myoinhibiting peptide precursor neuron,adult Myoinhibiting peptide precursor	0.931709945201873779296875
PMC6800437	MP1	FBbt:00001427	MP1 precursor	MP1 precursor,MP1 neurons,MP1,FBbt:00001427,midline precursor 1 neuron,midline precursor 1	0.999999940395355224609375
PMC6800437	MP1	FBbt:00001599	MP1 neuron	MP1,MP1 neuron,Midline precursor 1 cell,FBbt:00001599	0.999999940395355224609375
PMC6800437	MP1	FBbt:00001600	MP1a neuron	MP1a,MP1a neuron,MP1(l),MP1,FBbt:00001600	0.999999940395355224609375
PMC6800437	MP1a	FBbt:00001600	MP1a neuron	MP1a,MP1a neuron,MP1(l),MP1,FBbt:00001600	1
PMC6800437	MP1b	FBbt:00001601	MP1b neuron	MP1b neuron,MP1b,FBbt:00001601	1
PMC6800437	MP3	FBbt:00001604	UMI interneuron	UMI interneuron,MP3 cell,FBbt:00001604,MP3 neuron,MP3,unpaired median interneuron	1
PMC6800437	MP3 cell	FBbt:00001432	MP3 precursor	MP3 precursor,MP3 cell,FBbt:00001432,Midline precursor 3 cell,UMI precursor,unpaired median interneuron precursor	0.999999940395355224609375
PMC6800437	MP3 cell	FBbt:00001604	UMI interneuron	UMI interneuron,MP3 cell,FBbt:00001604,MP3 neuron,MP3,unpaired median interneuron	0.999999940395355224609375
PMC6800437	MP3 neuron	FBbt:00001604	UMI interneuron	UMI interneuron,MP3 cell,FBbt:00001604,MP3 neuron,MP3,unpaired median interneuron	1
PMC6800437	Myoinhibitory-peptide	FBbt:00047486	myoinhibitory peptide neuron	myoinhibitory peptide neuron,myoinhibitory peptide,Mip neuron,Mip,FBbt:00047486,Myoinhibiting peptide precursor neuron,Myoinhibiting peptide precursor	0.90343701839447021484375
PMC6800437	Myoinhibitory-peptide	FBbt:00047527	adult myoinhibitory peptide neuron	adult myoinhibitory peptide,adult myoinhibitory peptide neuron,adult Mip neuron,adult Mip,FBbt:00047527,adult Myoinhibiting peptide precursor neuron,adult Myoinhibiting peptide precursor	0.893114149570465087890625
PMC6800437	Myoinhibitory-peptide	FBbt:00047537	larval myoinhibitory peptide neuron	larval myoinhibitory peptide,larval myoinhibitory peptide neuron,embryonic/larval Mip neuron,embryonic/larval Mip,FBbt:00047537,embryonic/larval Myoinhibiting peptide precursor neuron,embryonic/larval Myoinhibiting peptide precursor,embryonic/larval myoinhibitory peptide neuron,embryonic/larval myoinhibitory peptide,larval Mip neuron,larval Mip,larval Myoinhibiting peptide precursor neuron,larval Myoinhibiting peptide precursor	0.87754476070404052734375
PMC6800437	neuromuscular junction	FBbt:00005142	neuromuscular junction	neuromuscular junction,NMJ,FBbt:00005142	1
PMC6800437	neuromuscular junction	FBbt:00005821	adult neuromuscular junction	adult neuromuscular junction,adult NMJ,FBbt:00005821	0.982305705547332763671875
PMC6800437	neuromuscular junction	FBbt:00005837	embryonic/larval neuromuscular junction	embryonic/larval neuromuscular junction,larval NMJ,FBbt:00005837,larval neuromuscular junction	0.95769250392913818359375
PMC6800437	neuron	FBbt:00001564	U neuron	U,U neuron,U motor neuron,U motor,FBbt:00001564,U/CQ neuron,U/CQ	0.99999988079071044921875
PMC6800437	neuron	FBbt:00001576	NH neuron	NH neuron,NH,FBbt:00001576	0.99999988079071044921875
PMC6800437	neuron	FBbt:00001581	PQ neuron	PQ neuron,PQ,FBbt:00001581	0.99999988079071044921875
PMC6800437	neuron	FBbt:00001586	GW neuron	GW neuron,GW,7-3M,7 3M,FBbt:00001586	0.99999988079071044921875
PMC6800437	neuron	FBbt:00002311	A1-7 DA2 motor neuron	A1-7 DA2 motor neuron,A1 7 DA2 motor,A1-7 DA2 motor,A1 7 DA2 motor neuron,MN-DA2 neuron,MN DA2 neuron,MN DA2,MN-DA2,FBbt:00002311,MN2-Ib,MN2 Ib,U/CQ neuron,U/CQ,U2 motor neuron,U2 motor,abdominal A1-7 DA2 motor neuron,abdominal A1-7 DA2 motor,abdominal A1 7 DA2 motor neuron,abdominal A1 7 DA2 motor,abdominal U2 neuron,abdominal U2	0.99999988079071044921875
PMC6800437	NGS	FBbt:00006049	escort cell	escort cell,EC,FBbt:00006049,IGS,inner germarial sheath cell,inner germarium sheath cell,inner sheath cell	1
PMC6800437	NGS	FBbt:00048271	wing margin taste bristle	wing margin taste bristle,Wgs,FBbt:00048271,wing gustatory sensillum	1
PMC6800437	olfactory	FBbt:00051298	olfactory projection neuron	olfactory projection,olfactory projection neuron,olfactory PN,FBbt:00051298	0.8872010707855224609375
PMC6800437	olfactory	FBbt:00051299	adult olfactory projection neuron	adult olfactory projection neuron,adult olfactory projection,adult olfactory PN,FBbt:00051299	0.85886383056640625
PMC6800437	olfactory	FBbt:00007401	adult antennal lobe	adult antennal lobe,AL,FBbt:00007401,adult olfactory lobe	0.85725700855255126953125
PMC6800437	olfactory	FBbt:00007390	local interneuron of adult antennal lobe	local interneuron of adult antennal lobe,ALLN,FBbt:00007390,LI,adult antennal lobe local neuron,adult antennal lobe local,olfactory LN	0.853804528713226318359375
PMC6800437	olfactory	FBbt:00005926	olfactory receptor neuron	olfactory receptor neuron,olfactory receptor,ORN,FBbt:00005926,OSN,odorant receptor neuron,odorant receptor,olfactory sensory neuron,olfactory sensory	0.850318610668182373046875
PMC6800437	organism	FBbt:00000001	organism	organism,Drosophila,FBbt:00000001,whole organism	1
PMC6800437	organism	FBbt:00007004	male organism	male organism,FBbt:00007004	0.900840699672698974609375
PMC6800437	P1	FBbt:00002740	prothoracic ventral campaniform sensillum vc1	prothoracic ventral campaniform sensillum vc1,p1,FBbt:00002740,prothoracic ventral sensillum campaniformium vc1,vp1	1
PMC6800437	P1	FBbt:00002758	mesothoracic ventral campaniform sensillum vc1	mesothoracic ventral campaniform sensillum vc1,mesothoracic ventral sensillum campaniformium vc1,FBbt:00002758,p1,vp1	1
PMC6800437	P1	FBbt:00002776	metathoracic ventral campaniform sensillum vc1	metathoracic ventral campaniform sensillum vc1,metathoracic ventral sensillum campaniformium vc1,FBbt:00002776,p1,vp1	1
PMC6800437	P1	FBbt:00002863	abdominal ventral campaniform sensillum vc1	abdominal ventral campaniform sensillum vc1,abdominal ventral sensillum campaniformium vc1,FBbt:00002863,p1,vp1	1
PMC6800437	P1	FBbt:00110621	adult fruitless P1 (male) neuron	adult fruitless P1,adult fruitless P1 (male) neuron,adult fruitless P1 (male),adult fruitless P1 neuron,P1 neuron,P1,FBbt:00110621,adult fruitless pMP-e (male) neuron,adult fruitless pMP-e,adult fruitless pMP e (male) neuron,adult fruitless pMP e neuron,adult fruitless pMP e,adult fruitless pMP-e (male),adult fruitless pMP e (male),adult fruitless pMP-e neuron,fru-P neuron,fru P,fru-P,fru P neuron,male pMP-e neuron,male pMP e neuron,male pMP-e,male pMP e,male pMP4 neuron,male pMP4	1
PMC6800437	PA	FBbt:00001335	anterior protocerebral neuroblast	anterior protocerebral neuroblast,Pa,FBbt:00001335	1
PMC6800437	Pars Intercerebralis	FBbt:00005802	pars intercerebralis	pars intercerebralis,PI,FBbt:00005802	1
PMC6800437	Pars Intercerebralis	FBbt:00003700	adult pars intercerebralis	adult pars intercerebralis,PI,FBbt:00003700,cell body rind of adult medial superior medial protocerebrum,rSMPm	0.97992765903472900390625
PMC6800437	Pars Intercerebralis	FBbt:00111670	larval pars intercerebralis	larval pars intercerebralis,larval PI,FBbt:00111670	0.950619518756866455078125
PMC6800437	Pars Intercerebralis	FBbt:00049999	adult anterior pars intercerebralis	adult anterior pars intercerebralis,PIa,FBbt:00049999,cell body rind of adult medioanterior superior medial protocerebrum,rSMPma	0.919143974781036376953125
PMC6800437	Pars Intercerebralis	FBbt:00049908	adult dorsal pars intercerebralis	adult dorsal pars intercerebralis,PIc,FBbt:00049908,adult central pars intercerebralis,cell body rind of adult mediodorsal superior medial protocerebrum,rSMPmd	0.910387814044952392578125
PMC6800437	pC1	FBbt:00047348	adult doublesex pC1 (male) neuron	adult doublesex pC1 neuron,adult doublesex pC1 (male),adult doublesex pC1,adult doublesex pC1 (male) neuron,doublesex-expressing posterior Cells-1 (male),doublesex expressing posterior Cells 1 (male),doublesex expressing posterior Cells 1,doublesex-expressing posterior Cells-1,FBbt:00047348,dsx-expressing posterior Cells-1 (male),expressing posterior Cells 1,expressing posterior Cells-1 (male),expressing posterior Cells-1,dsx expressing posterior Cells 1,dsx expressing posterior Cells 1 (male),expressing posterior Cells 1 (male),dsx-expressing posterior Cells-1,dsx-pC1 (male),pC1,dsx pC1 (male),pC1 (male),dsx-pC1,dsx pC1	1
PMC6800437	pC1	FBbt:00047349	adult doublesex pC1 (female) neuron	adult doublesex pC1 neuron,adult doublesex pC1 (female) neuron,adult doublesex pC1,adult doublesex pC1 (female),doublesex-expressing posterior Cell-1 (female),doublesex expressing posterior Cell 1,doublesex-expressing posterior Cell-1,doublesex expressing posterior Cell 1 (female),FBbt:00047349,dsx-expressing posterior Cell-1 (female),expressing posterior Cell-1 (female),dsx expressing posterior Cell 1 (female),dsx-expressing posterior Cell-1,expressing posterior Cell 1,expressing posterior Cell 1 (female),expressing posterior Cell-1,dsx expressing posterior Cell 1,dsx-pC1 (female),dsx pC1 (female),pC1,pC1 (female),dsx-pC1,dsx pC1	1
PMC6800437	pC2	FBbt:00047350	adult doublesex pC2 (female) neuron	adult doublesex pC2 neuron,adult doublesex pC2 (female) neuron,adult doublesex pC2 (female),adult doublesex pC2,doublesex-expressing posterior Cell-2 (female),doublesex-expressing posterior Cell-2,doublesex expressing posterior Cell 2 (female),doublesex expressing posterior Cell 2,FBbt:00047350,dsx-expressing posterior Cell-2 (female),dsx expressing posterior Cell 2,dsx-expressing posterior Cell-2,expressing posterior Cell 2 (female),expressing posterior Cell 2,expressing posterior Cell-2 (female),dsx expressing posterior Cell 2 (female),expressing posterior Cell-2,dsx-pC2 (female),dsx pC2,pC2 (female),dsx pC2 (female),pC2,dsx-pC2	0.99999988079071044921875
PMC6800437	pC2	FBbt:00047351	adult doublesex pC2 (male) neuron	adult doublesex pC2 (male) neuron,adult doublesex pC2 neuron,adult doublesex pC2,adult doublesex pC2 (male),doublesex-expressing posterior Cell-2 (male),doublesex-expressing posterior Cell-2,doublesex expressing posterior Cell 2 (male),doublesex expressing posterior Cell 2,FBbt:00047351,dsx-expressing posterior Cell-2 (male),dsx expressing posterior Cell 2,dsx-expressing posterior Cell-2,expressing posterior Cell-2 (male),expressing posterior Cell 2 (male),dsx expressing posterior Cell 2 (male),expressing posterior Cell 2,expressing posterior Cell-2,dsx-pC2 (male),dsx pC2 (male),pC2 (male),dsx-pC2,pC2,dsx pC2	0.99999988079071044921875
PMC6800437	pCd	FBbt:00047352	adult doublesex pCd (male) neuron	adult doublesex pCd neuron,adult doublesex pCd (male) neuron,adult doublesex pCd (male),adult doublesex pCd,PPF1,FBbt:00047352,adult doublesex pC3 (male) neuron,adult doublesex pC3,adult doublesex pC3 (male),adult doublesex pC3 neuron,adult doublesex posterior Cell, dorsal (male),adult doublesex posterior Cell, dorsal,adult male doublesex pCd neuron,adult male doublesex pCd,doublesex-expressing posterior Cell-3 (male),doublesex-expressing posterior Cell-3,doublesex expressing posterior Cell 3 (male),doublesex expressing posterior Cell 3,dsx-expressing posterior Cell-3 (male),expressing posterior Cell-3 (male),expressing posterior Cell 3,dsx expressing posterior Cell 3,dsx-expressing posterior Cell-3,expressing posterior Cell-3,dsx expressing posterior Cell 3 (male),expressing posterior Cell 3 (male),dsx-pC3 (male),dsx pC3,pC3 (male),dsx pC3 (male),pC3,dsx-pC3,pCd (male),pCd	0.99999988079071044921875
PMC6800437	pCd	FBbt:00047353	adult doublesex pCd (female) neuron	adult doublesex pCd neuron,adult doublesex pCd (female) neuron,adult doublesex pCd (female),adult doublesex pCd,adult doublesex pC3 (female) neuron,adult doublesex pC3,adult doublesex pC3 (female),adult doublesex pC3 neuron,FBbt:00047353,adult doublesex posterior Cell, dorsal (female),adult doublesex posterior Cell, dorsal,adult female doublesex pCd neuron,adult female doublesex pCd,doublesex-expressing posterior Cell-3 (female),doublesex expressing posterior Cell 3 (female),doublesex-expressing posterior Cell-3,doublesex expressing posterior Cell 3,dsx-expressing posterior Cell-3 (female),dsx expressing posterior Cell 3 (female),expressing posterior Cell-3 (female),expressing posterior Cell 3,dsx expressing posterior Cell 3,dsx-expressing posterior Cell-3,expressing posterior Cell-3,expressing posterior Cell 3 (female),dsx-pC3 (female),dsx pC3,dsx pC3 (female),pC3,dsx-pC3,pC3 (female),pCd (female),pCd	0.99999988079071044921875
PMC6800437	pCd	FBbt:00048325	adult doublesex pCd-1 (female) neuron	adult doublesex pCd-1 neuron,adult doublesex pCd-1 (female) neuron,adult doublesex pCd-1,adult doublesex pCd-1 (female),adult doublesex pCd 1,adult doublesex pCd 1 (female),adult doublesex pCd 1 neuron,adult doublesex pCd 1 (female) neuron,pCd-1 (female),pCd 1 (female),pCd 1,pCd-1,FBbt:00048325	0.95093452930450439453125
PMC6800437	pCd	FBbt:00048328	adult doublesex pCd-1 (male) neuron	adult doublesex pCd-1 neuron,adult doublesex pCd-1,adult doublesex pCd-1 (male),adult doublesex pCd 1,adult doublesex pCd 1 (male) neuron,adult doublesex pCd 1 (male),adult doublesex pCd 1 neuron,adult doublesex pCd-1 (male) neuron,pCd-1 (male),pCd 1,pCd 1 (male),pCd-1,FBbt:00048328	0.95093452930450439453125
PMC6800437	pCd	FBbt:00048326	adult doublesex pCd-2 (female) neuron	adult doublesex pCd 2,adult doublesex pCd-2 (female) neuron,adult doublesex pCd-2 neuron,adult doublesex pCd 2 neuron,adult doublesex pCd-2 (female),adult doublesex pCd 2 (female) neuron,adult doublesex pCd-2,adult doublesex pCd 2 (female),pCd-2 (female),pCd 2,pCd-2,pCd 2 (female),FBbt:00048326	0.94862270355224609375
PMC6800437	PCR	FBbt:00003668	protocerebral bridge	protocerebral bridge,PB,FBbt:00003668,PCB,pb	1
PMC6800437	peptide	FBbt:00111303	adult sex peptide sensory neuron	adult sex peptide sensory neuron,adult sex peptide sensory,SP sensing neuron,SP sensing,FBbt:00111303,SP-sensing neuron,SP-sensing,SPSN,sex-peptide neuron,sex peptide,sex peptide neuron,sex-peptide	0.8706433773040771484375
PMC6800437	peptidergic neurons	FBbt:00004101	peptidergic neuron	peptidergic,peptidergic neuron,peptinergic neuron,peptinergic,FBbt:00004101	0.856820285320281982421875
PMC6800437	PFA	FBbt:00003635	adult protocerebral bridge 1 glomerulus-fan-shaped body-lateral accessory lobe neuron	adult protocerebral bridge 1 glomerulus fan shaped body lateral accessory lobe,adult protocerebral bridge 1 glomerulus-fan-shaped body-lateral accessory lobe neuron,adult protocerebral bridge 1 glomerulus fan shaped body lateral accessory lobe neuron,adult protocerebral bridge 1 glomerulus-fan-shaped body-lateral accessory lobe,HFS,FBbt:00003635,PFI neuron,PFI,heavy fibers,horizontal fiber system neuron,horizontal fiber system,pb-fb-idfp neuron,pb fb idfp neuron,pb-fb-idfp,pb fb idfp,pb-fb-vbo neuron,pb-fb-vbo,pb fb vbo,pb fb vbo neuron	1
PMC6800437	PFA	FBbt:00003636	adult fan-shaped body delta neuron	adult fan shaped body delta,adult fan-shaped body delta,adult fan shaped body delta neuron,adult fan-shaped body delta neuron,PFS,FBbt:00003636,pontine fiber,pontine fiber system,pontine neuron,pontine	1
PMC6800437	PFA	FBbt:00047835	prefollicle cell	prefollicle cell,pFC,FBbt:00047835,pre-follicle cell,pre follicle cell,prefollicular cell	1
PMC6800437	PFA	FBbt:00051255	adult protocerebral bridge 1 glomerulus-fan-shaped body-round body neuron	adult protocerebral bridge 1 glomerulus fan shaped body round body neuron,adult protocerebral bridge 1 glomerulus-fan-shaped body-round body neuron,adult protocerebral bridge 1 glomerulus fan shaped body round body,adult protocerebral bridge 1 glomerulus-fan-shaped body-round body,P-F-R neuron,P F R,P F R neuron,P-F-R,FBbt:00051255,PFR,protocerebral bridge-fan-shaped body-round body neuron,protocerebral bridge fan shaped body round body,protocerebral bridge fan shaped body round body neuron,protocerebral bridge-fan-shaped body-round body	1
PMC6800437	PFA	FBbt:00051257	adult protocerebral bridge 1 glomerulus-fan-shaped body-round body type b neuron	adult protocerebral bridge 1 glomerulus-fan-shaped body-round body type b neuron,adult protocerebral bridge 1 glomerulus fan shaped body round body type b,adult protocerebral bridge 1 glomerulus fan shaped body round body type b neuron,adult protocerebral bridge 1 glomerulus-fan-shaped body-round body type b,PFR_b,FBbt:00051257	1
PMC6800437	PI	FBbt:00001578	PI neuron	PI neuron,PI,FBbt:00001578	1
PMC6800437	PI	FBbt:00003700	adult pars intercerebralis	adult pars intercerebralis,PI,FBbt:00003700,cell body rind of adult medial superior medial protocerebrum,rSMPm	1
PMC6800437	PI	FBbt:00005802	pars intercerebralis	pars intercerebralis,PI,FBbt:00005802	1
PMC6800437	PI	FBbt:00047120	larval posterior intermediate commissure	larval posterior intermediate commissure,larval postero-intermediate commissure,larval postero intermediate commissure,FBbt:00047120,pI	1
PMC6800437	PI	FBbt:00047185	neurosecretory cell of pars intercerebralis	neurosecretory cell of pars intercerebralis,MNC,FBbt:00047185,PI,dorsomedial neurosecretory cell,mNSC,medial neurosecretory cell,median neurosecretory cell	1
PMC6800437	presynaptic	FBbt:00005122	presynaptic ribbon	presynaptic ribbon,presynaptic specialisation,FBbt:00005122	0.900689899921417236328125
PMC6800437	primary	FBbt:00047097	primary neuron	primary,primary neuron,embryonic lineage neuron,embryonic lineage,FBbt:00047097,embryonic neuron,embryonic,larval neuron,larval,primary lineage neuron,primary lineage	0.999999940395355224609375
PMC6800437	primary	FBbt:00049543	small undifferentiated primary neuron	small undifferentiated primary neuron,small undifferentiated primary,embryonically born secondary neuron,embryonically born secondary,FBbt:00049543,pioneer neuron,pioneer,primary SU neuron,primary SU	0.95678770542144775390625
PMC6800437	Primary	FBbt:00047097	primary neuron	primary,primary neuron,embryonic lineage neuron,embryonic lineage,FBbt:00047097,embryonic neuron,embryonic,larval neuron,larval,primary lineage neuron,primary lineage	0.999999940395355224609375
PMC6800437	Primary	FBbt:00049543	small undifferentiated primary neuron	small undifferentiated primary neuron,small undifferentiated primary,embryonically born secondary neuron,embryonically born secondary,FBbt:00049543,pioneer neuron,pioneer,primary SU neuron,primary SU	0.95678770542144775390625
PMC6800437	receptor	FBbt:00004211	photoreceptor neuron	photoreceptor,photoreceptor neuron,photoreceptor cell,FBbt:00004211,receptor cell	0.866659581661224365234375
PMC6800437	retinal	FBbt:00004200	retina	retina,FBbt:00004200	0.850229680538177490234375
PMC6800437	secondary	FBbt:00047096	secondary neuron	secondary,secondary neuron,adult-specific neuron,adult-specific,adult specific neuron,adult specific,FBbt:00047096,postembryonic neuron,postembryonic	1
PMC6800437	Secondary	FBbt:00047096	secondary neuron	secondary,secondary neuron,adult-specific neuron,adult-specific,adult specific neuron,adult specific,FBbt:00047096,postembryonic neuron,postembryonic	1
PMC6800437	sensory	FBbt:00005124	sensory neuron	sensory,sensory neuron,FBbt:00005124	1
PMC6800437	sensory	FBbt:00058244	adult sensory neuron	adult sensory neuron,adult sensory,FBbt:00058244	0.925648868083953857421875
PMC6800437	sensory systems	FBbt:00007692	sensory system	sensory system,FBbt:00007692	0.850377976894378662109375
PMC6800437	sensory systems	FBbt:00007693	sensory system neuron	sensory system,sensory system neuron,FBbt:00007693	0.850377976894378662109375
PMC6800437	sexually dimorphic	FBbt:00051203	sexually-dimorphic neuron	sexually dimorphic,sexually-dimorphic,sexually dimorphic neuron,sexually-dimorphic neuron,FBbt:00051203	1
PMC6800437	sexually dimorphic dsx	FBbt:00051203	sexually-dimorphic neuron	sexually dimorphic,sexually-dimorphic,sexually dimorphic neuron,sexually-dimorphic neuron,FBbt:00051203	0.910088956356048583984375
PMC6800437	SIFamide	FBbt:00047427	adult SIFamide cell of pars intercerebralis	adult SIFamide cell of pars intercerebralis,SIFa,FBbt:00047427,SIFamide	1
PMC6800437	SIFamide	FBbt:00047428	SIFamide cell of pars intercerebralis	SIFamide cell of pars intercerebralis,SIFamide neuron,SIFamide,FBbt:00047428,SIFamidergic neuron,SIFamidergic	1
PMC6800437	SLP	FBbt:00007054	superior lateral protocerebrum	superior lateral protocerebrum,DLP,FBbt:00007054,IDLP,SLP,adult superior lateral protocerebrum,slpr	1
PMC6800437	SMP	FBbt:00007055	superior medial protocerebrum	superior medial protocerebrum,IDLP,FBbt:00007055,SDFP,SMP,impr,smpr	0.999999940395355224609375
PMC6800437	SOG	FBbt:00001972	subesophageal zone neuron	subesophageal zone neuron,subesophageal zone,SEG neuron,SEG,FBbt:00001972,SEZ neuron,SEZ,SOG neuron,SOG,subesophageal ganglion neuron,subesophageal ganglion	1
PMC6800437	SOG	FBbt:00004013	gnathal ganglion	gnathal ganglion,GNG,FBbt:00004013,SEG,SOG,subesophageal ganglion,suboesophageal ganglion	1
PMC6800437	SOG	FBbt:00014013	adult gnathal ganglion	adult gnathal ganglion,GNG,FBbt:00014013,SEG,SOG,adult subesophageal ganglion,ipsl,suboesophageal ganglion	1
PMC6800437	SOG	FBbt:00052032	gnathal ganglion neuron	gnathal ganglion neuron,gnathal ganglion,GG neuron,GG,FBbt:00052032,SEG neuron,SEG,SOG neuron,SOG,subesophageal ganglion neuron,subesophageal ganglion	1
PMC6800437	SOG	FBbt:00110639	adult subesophageal zone	adult subesophageal zone,SEG,FBbt:00110639,SEZ,SOG,adult subesophageal ganglion,adult suboesophageal ganglion	1
PMC6800437	soma	FBbt:00005107	cell body	cell body,soma,FBbt:00005107	0.99999988079071044921875
PMC6800437	suboesophageal ganglion	FBbt:00004013	gnathal ganglion	gnathal ganglion,GNG,FBbt:00004013,SEG,SOG,subesophageal ganglion,suboesophageal ganglion	1
PMC6800437	suboesophageal ganglion	FBbt:00014013	adult gnathal ganglion	adult gnathal ganglion,GNG,FBbt:00014013,SEG,SOG,adult subesophageal ganglion,ipsl,suboesophageal ganglion	1
PMC6800437	suboesophageal ganglion	FBbt:00110639	adult subesophageal zone	adult subesophageal zone,SEG,FBbt:00110639,SEZ,SOG,adult subesophageal ganglion,adult suboesophageal ganglion	0.98308551311492919921875
PMC6800437	suboesophageal ganglion	FBbt:00100138	larval gnathal ganglion	larval gnathal ganglion,embryonic/larval SOG,FBbt:00100138,embryonic/larval gnathal ganglion,embryonic/larval subesophageal ganglion,hindbrain,larval GNG,larval SEG,larval SOG,larval subesophageal zone,larval suboesophageal ganglion	0.95863521099090576171875
PMC6800437	superior lateral protocerebrum	FBbt:00007054	superior lateral protocerebrum	superior lateral protocerebrum,DLP,FBbt:00007054,IDLP,SLP,adult superior lateral protocerebrum,slpr	1
PMC6800437	superior lateral protocerebrum	FBbt:00040045	anterior superior lateral protocerebrum	anterior superior lateral protocerebrum,ASLP,FBbt:00040045,middle slpr,mslpr	0.9192326068878173828125
PMC6800437	superior lateral protocerebrum	FBbt:00045030	superior neuropils	superior neuropils,SNP,FBbt:00045030,superior protocerebrum	0.9013597965240478515625
PMC6800437	superior medial protocerebrum	FBbt:00007055	superior medial protocerebrum	superior medial protocerebrum,IDLP,FBbt:00007055,SDFP,SMP,impr,smpr	0.99999988079071044921875
PMC6800437	superior medial protocerebrum	FBbt:00111203	embryonic/larval superior medial protocerebrum	embryonic/larval superior medial protocerebrum,larval SMP,FBbt:00111203,larval superior medial protocerebrum	0.92911398410797119140625
PMC6800437	superior medial protocerebrum	FBbt:00040062	anterior superior medial protocerebrum	anterior superior medial protocerebrum,ASMP,FBbt:00040062,anterior SMP	0.91839694976806640625
PMC6800437	synaptic	FBbt:00005815	dense body	dense body,NMJ synaptic ribbon,FBbt:00005815	0.893421471118927001953125
PMC6800437	third	FBbt:00004707	metathoracic leg	metathoracic leg,T3 leg,FBbt:00004707,hindleg,third leg	0.85684287548065185546875
PMC6800437	ventral nerve cord	FBbt:00005097	ventral nerve cord	ventral nerve cord,ventral nervous system,FBbt:00005097	0.999999940395355224609375
PMC6800437	ventral nerve cord	FBbt:00004052	adult ventral nerve cord	adult ventral nerve cord,TAC,FBbt:00004052,TAG,adult ThGng,adult VNC,adult VNS,adult ventral nervous system,thoracico-abdominal center,thoracico abdominal center,thoracico-abdominal ganglia,thoracico abdominal ganglia,thoracico-abdominal ganglion,thoracico abdominal ganglion,thoracico-abdominal nervous system,thoracico abdominal nervous system,thoracicoabdominal ganglion	0.966881811618804931640625
PMC6800437	ventral nerve cord	FBbt:00001102	larval ventral nerve cord	larval ventral nerve cord,larval ventral ganglion,FBbt:00001102,ventral cord,vnc	0.922700822353363037109375
PMC6800437	ventral nerve cords	FBbt:00005097	ventral nerve cord	ventral nerve cord,ventral nervous system,FBbt:00005097	0.932145178318023681640625
PMC6800437	ventral nerve cords	FBbt:00004052	adult ventral nerve cord	adult ventral nerve cord,TAC,FBbt:00004052,TAG,adult ThGng,adult VNC,adult VNS,adult ventral nervous system,thoracico-abdominal center,thoracico abdominal center,thoracico-abdominal ganglia,thoracico abdominal ganglia,thoracico-abdominal ganglion,thoracico abdominal ganglion,thoracico-abdominal nervous system,thoracico abdominal nervous system,thoracicoabdominal ganglion	0.90126883983612060546875
PMC6800437	ventral nerve cords	FBbt:00001102	larval ventral nerve cord	larval ventral nerve cord,larval ventral ganglion,FBbt:00001102,ventral cord,vnc	0.861765801906585693359375
PMC6800437	VNC	FBbt:00001102	larval ventral nerve cord	larval ventral nerve cord,larval ventral ganglion,FBbt:00001102,ventral cord,vnc	1
PMC6800437	VNC	FBbt:00004052	adult ventral nerve cord	adult ventral nerve cord,TAC,FBbt:00004052,TAG,adult ThGng,adult VNC,adult VNS,adult ventral nervous system,thoracico-abdominal center,thoracico abdominal center,thoracico-abdominal ganglia,thoracico abdominal ganglia,thoracico-abdominal ganglion,thoracico abdominal ganglion,thoracico-abdominal nervous system,thoracico abdominal nervous system,thoracicoabdominal ganglion	0.950124800205230712890625
PMC6800437	XbaI	FBbt:00003746	lamina intrinsic neuron	lamina intrinsic neuron,lamina intrinsic,Am,FBbt:00003746,Lai,amacrine cell	0.9554564952850341796875
PMC6800437	XbaI	FBbt:00003993	fine arborization relay interneuron	fine arborization relay interneuron,FAI,FBbt:00003993	0.869008243083953857421875
PMC6800437	z-projection	FBbt:00007392	projection neuron	projection neuron,projection,PN,FBbt:00007392	0.855894982814788818359375
PMC6800437	∆Dsk	FBbt:00048998	Drosulfakinin neuron	Drosulfakinin,Drosulfakinin neuron,DPC,FBbt:00048998,DSK,DSK-producing cell,DSK producing cell,Dsk-producing neuron,Dsk producing neuron,Dsk producing,Dsk-producing,dsk neuron,dsk	0.8908214569091796875
